{
  "score": 0.886982404339941,
  "params": {
    "cel_som": 0.5726864661417322,
    "vmh": 1.7427941379269192,
    "vta_da_lat": 2.127634512208351,
    "dr": 2.7414467579888733,
    "nts_disgust": 2.76332879824413
  }
}