{
  "score": 0.8814761904761905,
  "params": {
    "la_exc": 2.078889062042669,
    "cel_som": 0.9147599831018614,
    "cel_pkcd": 1.1462412464462495,
    "mea": 1.9568116015382997,
    "vmh": 1.9608449685711993,
    "vta_gaba": 1.5372372919005806,
    "dr": 2.177833072226152,
    "nts_disgust": 2.3206083204581542,
    "la_cs_amp": 18.77900737660315,
    "vta_burst_amp": 25.638350143386603
  }
}